,workflow,schedule_overhead
0,cycles,0.5645342667897543
1,epigenomics,0.7522711455821991
2,genome,1.333174753189087
3,soykb,1.103714942932129
4,video,0.287977933883667
5,illgal_recognizer,0.5911586985868567
6,fileprocessing,13.773040103912354
7,wordcount,0.1747079644884382