,workflow,schedule_overhead
0,cycles,0.09883591532707214
1,epigenomics,0.1732281744480133
2,genome,0.13226475715637206
3,soykb,0.19284875052315847
4,video,0.0623762984024851
5,illgal_recognizer,0.0975934664408366
6,fileprocessing,14.140407705307007
7,wordcount,0.04655397810587069